id,kind,brand,name,device_type,connectivity,retail_price,billing,fits,notes,active,review
square-register,device,Square,Square Register (2nd generation),Register / POS,Wi-Fi / Ethernet,899,one_time,,Dual-screen complete POS; tap and dip built in; magstripe via separate reader.,yes,
square-handheld,device,Square,Square Handheld,Handheld POS,Wi-Fi,399,one_time,,Pocketable POS with built-in barcode scanner and camera; accepts contactless and chip.,yes,
square-terminal,device,Square,Square Terminal,Terminal / POS,Wi-Fi / Ethernet with optional Hub,299,one_time,,"All-in-one compact POS with built-in receipt printer; accepts contactless, chip, and magstripe.",yes,
square-stand,device,Square,Square Stand (without iPad),iPad POS Stand,iPad connectivity / USB hub / Wi-Fi via iPad,149,one_time,,Swiveling iPad POS; requires compatible iPad.,yes,
square-kiosk,device,Square,Square Kiosk (with iPad),Self-Service Kiosk,iPad connectivity; pairs with primary Square POS,149,one_time,,Self-service iPad kiosk hardware; kiosk software subscription is separate.,no,Inactive until the $149 price is confirmed with the supplier.
square-kds-156,device,Square,"Square KDS 15.6"" touchscreen",Kitchen Display Screen,Wi-Fi / Ethernet,479,one_time,,,yes,
square-kds-101,device,Square,"Square KDS 10.1"" touchscreen",Kitchen Display Screen,Wi-Fi / Ethernet,699,one_time,,,yes,
square-kds-215,device,Square,"Square KDS 21.5"" touchscreen",Kitchen Display Screen,Wi-Fi / Ethernet,899,one_time,,,yes,
square-receipt-printer,device,Square,Square Receipt Printer,Printer,Ethernet,319,one_time,,,yes,
square-belkin-case,addon,Square,Belkin Sheerforce Case for Handheld,Case,,39,one_time,square-handheld,,yes,
square-ipad,addon,Square,iPad (compatible model),Tablet,,449,one_time,square-stand;square-kiosk,,yes,
square-stand-addon,addon,Square,Square Stand (add-on for Kiosk),Stand,,299,one_time,square-kiosk,,no,Inactive until the $299 price is confirmed with the supplier.
square-kds-wall-mount,addon,Square,KDS wall mounting kit,Mount,,99,one_time,square-kds-156;square-kds-101;square-kds-215,,yes,
square-paper-24,addon,Square,"Receipt paper, 24 rolls",Supplies,,99,one_time,square-receipt-printer,,yes,
valor-rocket,device,Valor POS,Valor Rocket,Terminal,Wi-Fi,75,one_time,,,yes,
valor-virtual-terminal,device,Valor POS,Valor Virtual Terminal,Terminal,Wi-Fi,0,one_time,,,yes,
valor-vp800,device,Valor POS,Valor VP800,Terminal,Wi-Fi,550,one_time,,,yes,
valor-vl550,device,Valor POS,Valor VL550,Terminal,Wi-Fi / Ethernet,225,one_time,,,yes,
valor-vl110,device,Valor POS,Valor VL110,Terminal,Wi-Fi,275,one_time,,,yes,
valor-vp550,device,Valor POS,Valor VP550,Terminal,Wi-Fi,300,one_time,,,yes,
valor-sim,device,Valor POS,Valor SIM Card,Accessory,,10,monthly,,,yes,
valor-vp800-dock,addon,Valor POS,Charging Dock (Multi-Hub),Charging,,30,one_time,valor-vp800,,yes,
valor-vl550-magic-box,addon,Valor POS,Magic Box,Accessory,,35,one_time,valor-vl550,,yes,
valor-vl550-battery,addon,Valor POS,Battery (VL550),Battery,,35,one_time,valor-vl550,,yes,
valor-charging-dock,addon,Valor POS,Charging Dock,Charging,,19.99,one_time,valor-vl110;valor-vp550,,yes,
valor-battery,addon,Valor POS,Battery,Battery,,19.99,one_time,valor-vl110;valor-vp550,,yes,
clover-duo,device,Clover POS,Clover Duo w/ Cash Drawer,Terminal / POS,Wi-Fi / Ethernet,1900,one_time,,"Includes touch tablet, terminal, starter kit, receipt printer, and cash drawer.",yes,
clover-solo,device,Clover POS,Clover Solo,Terminal / POS,Wi-Fi / Ethernet,1860,one_time,,,yes,
clover-mini-gen3,device,Clover POS,Clover Mini Gen 3,Terminal / POS,Wi-Fi / Ethernet,820,one_time,,,yes,
clover-flex,device,Clover POS,Clover Flex,Terminal,Wi-Fi / Ethernet,700,one_time,,,yes,
clover-cash-drawer,addon,Clover POS,Cash Drawer,Cash Drawer,,90,one_time,clover-solo;clover-mini-gen3;clover-flex,,yes,
clover-kitchen-printer,addon,Clover POS,Kitchen Printer,Printer,,480,one_time,clover-solo;clover-mini-gen3,,yes,
clover-p500-printer,addon,Clover POS,P500 Printer,Printer,,350,one_time,clover-mini-gen3,,yes,
greta-pm1560-s,device,Greta POS,GRETA All in One POS PM1560-S,POS,Wi-Fi / Ethernet,2599,one_time,,,yes,
greta-second-station,device,Greta POS,GRETA Second Station,POS,Wi-Fi / Ethernet,2399,one_time,,,yes,
greta-bs1560-ns,device,Greta POS,GRETA All in One POS BS1560-NS,POS,Wi-Fi / Ethernet,,one_time,,,no,Inactive until a retail price is added.
greta-tablet-10,addon,Greta POS,"GRETA 10"" Inventory Tablet",Tablet,,1199,one_time,greta-pm1560-s;greta-second-station,,yes,
greta-tablet-6,addon,Greta POS,"GRETA 6"" Inventory Tablet",Tablet,,898,one_time,greta-pm1560-s;greta-second-station,,yes,
greta-scale,addon,Greta POS,GRETA 60lb Weight Scale,Scale,,599,one_time,greta-bs1560-ns,,yes,
greta-receipt-printer,addon,Greta POS,GRETA Receipt Printer,Printer,,449,one_time,greta-bs1560-ns,,yes,
greta-kitchen-printer,addon,Greta POS,GRETA Kitchen Printer,Printer,,599,one_time,greta-bs1560-ns,,yes,
material-full-station,device,Material POS,Material POS Full Station,POS,Wi-Fi / Ethernet,1700,one_time,,,yes,
material-dejavoo-p1,device,Material POS,Material POS DejaVoo P1,Terminal,Wi-Fi / Ethernet,250,one_time,,,yes,
